id_key,granularity,model,p,d,q,train_rows,test_rows,warning_count,warnings,mae,rmse,mape,smape,bias
subset_B_1min,1min,ARIMA_p1_d0_q1,1,0,1,5759,1441,0,,8.287252293247112,10.445608117097441,1.0591782760782908,1.0652083405376864,-4.518492508720375
subset_B_30s,30s,ARIMA_p1_d0_q1,1,0,1,11519,2881,0,,8.279751440302949,10.434647823935288,1.0582428611432693,1.0642431718783123,-4.500693705995859
subset_B_5min,5min,ARIMA_p1_d0_q1,1,0,1,1152,288,0,,8.194155471854637,10.279690507227405,1.0472701146029648,1.0532170619709145,-4.519780679127671
subset_B_raw,raw,ARIMA_p1_d0_q1,1,0,1,69120,17280,0,,7.909589838954964,9.756516676088218,1.0125439545587394,1.0165944668266595,-3.2540244447266873
